{
  "identifier": "SelfIndex_i2d1c1o0",
  "configuration": {
    "index_type": 2,
    "datastore": 1,
    "compression": 1,
    "query_mode": "DAAT",
    "optimization": "0"
  },
  "artifact_A_latency": {
    "average_ms": 5.05215273324211,
    "median_ms": 4.1062999807763845,
    "p50_ms": 4.1062999807763845,
    "p90_ms": 10.639449988957494,
    "p95_ms": 12.88040001236368,
    "p99_ms": 15.563219969044436,
    "min_ms": 0.07930002175271511,
    "max_ms": 17.06639997428283,
    "std_ms": 3.655337909158912,
    "num_zero_latency": 0
  },
  "artifact_B_throughput": {
    "queries_per_second": 197.93542531289856,
    "total_queries": 256,
    "total_time_seconds": 1.2933510997099802
  },
  "artifact_C_memory": {
    "disk_mb": 634.4881086349487,
    "ram_gb": 6.043590545654297,
    "disk_bytes": 665309003
  },
  "evaluation_params": {
    "query_file": "queries/test_queries.txt",
    "num_queries": 256,
    "top_k": 10
  }
}