{
  "identifier": "SelfIndex_i1d1c1osp",
  "configuration": {
    "index_type": 1,
    "datastore": 1,
    "compression": 1,
    "query_mode": "TAAT",
    "optimization": "sp"
  },
  "artifact_A_latency": {
    "average_ms": 2.6695382823618274,
    "median_ms": 0.017000013031065464,
    "p50_ms": 0.017000013031065464,
    "p90_ms": 9.683000011136755,
    "p95_ms": 11.115624991361983,
    "p99_ms": 12.855099991429597,
    "min_ms": 0.00100000761449337,
    "max_ms": 13.524899957701564,
    "std_ms": 4.08916055941438,
    "num_zero_latency": 0
  },
  "artifact_B_throughput": {
    "queries_per_second": 374.5966134320679,
    "total_queries": 256,
    "total_time_seconds": 0.6834018002846278
  },
  "artifact_C_memory": {
    "disk_mb": 1321.5183753967285,
    "ram_gb": 9.203033447265625,
    "disk_bytes": 1385712452
  },
  "evaluation_params": {
    "query_file": "queries/test_queries.txt",
    "num_queries": 256,
    "top_k": 10
  }
}