{
  "identifier": "SelfIndex_i1d1c1o0",
  "configuration": {
    "index_type": 1,
    "datastore": 1,
    "compression": 1,
    "query_mode": "TAAT",
    "optimization": "0"
  },
  "artifact_A_latency": {
    "average_ms": 2.6707984372933424,
    "median_ms": 0.017399986973032355,
    "p50_ms": 0.017399986973032355,
    "p90_ms": 9.391650033649057,
    "p95_ms": 11.184875009348616,
    "p99_ms": 12.618810008279977,
    "min_ms": 0.00100000761449337,
    "max_ms": 14.154100033920258,
    "std_ms": 4.085311392232439,
    "num_zero_latency": 0
  },
  "artifact_B_throughput": {
    "queries_per_second": 374.41986861929814,
    "total_queries": 256,
    "total_time_seconds": 0.6837243999470957
  },
  "artifact_C_memory": {
    "disk_mb": 574.9894170761108,
    "ram_gb": 6.0159149169921875,
    "disk_bytes": 602920103
  },
  "evaluation_params": {
    "query_file": "queries/test_queries.txt",
    "num_queries": 256,
    "top_k": 10
  }
}