{
  "identifier": "SelfIndex_i3d1c1o0",
  "configuration": {
    "index_type": 3,
    "datastore": 1,
    "compression": 1,
    "query_mode": "DAAT",
    "optimization": "0"
  },
  "artifact_A_latency": {
    "average_ms": 6.278719140709654,
    "median_ms": 5.191350006498396,
    "p50_ms": 5.191350006498396,
    "p90_ms": 12.765900028171018,
    "p95_ms": 15.738500020233914,
    "p99_ms": 19.918219998362467,
    "min_ms": 0.07770000956952572,
    "max_ms": 20.749499963130802,
    "std_ms": 4.586894489795896,
    "num_zero_latency": 0
  },
  "artifact_B_throughput": {
    "queries_per_second": 159.26815288109458,
    "total_queries": 256,
    "total_time_seconds": 1.6073521000216715
  },
  "artifact_C_memory": {
    "disk_mb": 651.2121772766113,
    "ram_gb": 6.080833435058594,
    "disk_bytes": 682845460
  },
  "evaluation_params": {
    "query_file": "queries/test_queries.txt",
    "num_queries": 256,
    "top_k": 10
  }
}