{
  "identifier": "SelfIndex_i3d1c1qTo0",
  "configuration": {
    "index_type": 3,
    "datastore": 1,
    "compression": 1,
    "query_mode": "T",
    "optimization": "0"
  },
  "artifact_A_latency": {
    "average_ms": 0.6415313109755516,
    "median_ms": 0.0,
    "p95_ms": 1.819312572479248,
    "p99_ms": 12.20896244049071,
    "min_ms": 0.0,
    "max_ms": 28.585195541381836,
    "std_ms": 2.9848377323295643
  },
  "artifact_B_throughput": {
    "queries_per_second": 1558.7703715962657,
    "total_queries": 256,
    "total_time_seconds": 0.1642320156097412
  },
  "artifact_C_memory": {
    "disk_mb": 0.0,
    "ram_gb": 8.18130111694336,
    "disk_bytes": 0
  },
  "evaluation_params": {
    "query_file": "queries.txt",
    "num_queries": 256,
    "top_k": 10
  }
}