{
  "identifier": "SelfIndex_i2d1c1qTo0",
  "configuration": {
    "index_type": 2,
    "datastore": 1,
    "compression": 1,
    "query_mode": "T",
    "optimization": "0"
  },
  "artifact_A_latency": {
    "average_ms": 0.7442804053425789,
    "median_ms": 0.0,
    "p95_ms": 2.766549587249756,
    "p99_ms": 13.885593414306639,
    "min_ms": 0.0,
    "max_ms": 30.313730239868164,
    "std_ms": 3.360333918810048
  },
  "artifact_B_throughput": {
    "queries_per_second": 1343.5796412505554,
    "total_queries": 256,
    "total_time_seconds": 0.1905357837677002
  },
  "artifact_C_memory": {
    "disk_mb": 1009.5648136138916,
    "ram_gb": 8.145072937011719,
    "disk_bytes": 1058605434
  },
  "evaluation_params": {
    "query_file": "queries.txt",
    "num_queries": 256,
    "top_k": 10
  }
}