{
  "identifier": "SelfIndex_i1d1c1qTo0",
  "configuration": {
    "index_type": 1,
    "datastore": 1,
    "compression": 1,
    "query_mode": "T",
    "optimization": "0"
  },
  "artifact_A_latency": {
    "average_ms": 0.7059099152684212,
    "median_ms": 0.0,
    "p95_ms": 2.635776996612549,
    "p99_ms": 13.878178596496575,
    "min_ms": 0.0,
    "max_ms": 26.9472599029541,
    "std_ms": 3.1858976605226434
  },
  "artifact_B_throughput": {
    "queries_per_second": 1416.6113527669484,
    "total_queries": 256,
    "total_time_seconds": 0.18071293830871582
  },
  "artifact_C_memory": {
    "disk_mb": 915.3172512054443,
    "ram_gb": 6.903533935546875,
    "disk_bytes": 959779702
  },
  "evaluation_params": {
    "query_file": "queries.txt",
    "num_queries": 256,
    "top_k": 10
  }
}