{
  "timestamp": "2025-10-25 05:39:55",
  "query_file": "queries.txt",
  "query_count": 256,
  "sample_size": null,
  "configurations_evaluated": 16,
  "results": [
    {
      "identifier": "SelfIndex_i1d1c1qTo0",
      "index_type": "Boolean",
      "datastore": "JSON",
      "compression": "None",
      "x": 1,
      "y": 1,
      "z": 1,
      "index_size_mb": 574.9893884658813,
      "query_count": 256,
      "taat": {
        "avg_time_ms": 0.30140195352146293,
        "median_time_ms": 0.0021000014385208488,
        "p95_time_ms": 0.2817000058712438,
        "p99_time_ms": 6.889500000397675,
        "min_time_ms": 0.0011000010999850929,
        "max_time_ms": 7.050100000924431,
        "avg_results": 0.0,
        "avg_memory_mb": 6.103515625e-05,
        "successful_queries": 256
      },
      "daat": {
        "avg_time_ms": 0.0025472657512182195,
        "median_time_ms": 0.0020000006770715117,
        "p95_time_ms": 0.007099995855242014,
        "p99_time_ms": 0.008499999239575118,
        "min_time_ms": 0.0011000010999850929,
        "max_time_ms": 0.019699997210409492,
        "avg_results": 0.0,
        "avg_memory_mb": 0.0,
        "successful_queries": 256
      },
      "daat_speedup": 118.32371764795984
    },
    {
      "identifier": "SelfIndex_i1d1c2qTo0",
      "index_type": "Boolean",
      "datastore": "JSON",
      "compression": "VByte",
      "x": 1,
      "y": 1,
      "z": 2,
      "index_size_mb": 589.3546171188354,
      "query_count": 256,
      "taat": {
        "avg_time_ms": 0.26845507827033543,
        "median_time_ms": 0.0021000014385208488,
        "p95_time_ms": 0.02729999687289819,
        "p99_time_ms": 5.953100000624545,
        "min_time_ms": 0.0010999938240274787,
        "max_time_ms": 6.664299995463807,
        "avg_results": 0.0,
        "avg_memory_mb": 1.52587890625e-05,
        "successful_queries": 256
      },
      "daat": {
        "avg_time_ms": 0.002717578325928116,
        "median_time_ms": 0.0020000006770715117,
        "p95_time_ms": 0.006499998562503606,
        "p99_time_ms": 0.012299999070819467,
        "min_time_ms": 0.0011000010999850929,
        "max_time_ms": 0.03860000288113952,
        "avg_results": 0.0,
        "avg_memory_mb": 0.0,
        "successful_queries": 256
      },
      "daat_speedup": 98.78467005312599
    },
    {
      "identifier": "SelfIndex_i1d1c3qTo0",
      "index_type": "Boolean",
      "datastore": "JSON",
      "compression": "Zlib",
      "x": 1,
      "y": 1,
      "z": 3,
      "index_size_mb": 233.9120054244995,
      "query_count": 256,
      "taat": {
        "avg_time_ms": 0.3016554688031192,
        "median_time_ms": 0.0021000014385208488,
        "p95_time_ms": 0.1148999945144169,
        "p99_time_ms": 6.627700000535697,
        "min_time_ms": 0.0010000003385357559,
        "max_time_ms": 7.798700004059356,
        "avg_results": 0.0,
        "avg_memory_mb": 0.0024261474609375,
        "successful_queries": 256
      },
      "daat": {
        "avg_time_ms": 0.0027390626087253622,
        "median_time_ms": 0.0020999941625632346,
        "p95_time_ms": 0.006100002792663872,
        "p99_time_ms": 0.014400000509340316,
        "min_time_ms": 0.0011999945854768157,
        "max_time_ms": 0.021100000594742596,
        "avg_results": 0.0,
        "avg_memory_mb": 0.0,
        "successful_queries": 256
      },
      "daat_speedup": 110.13091407337207
    },
    {
      "identifier": "SelfIndex_i1d3c1qTo0",
      "index_type": "Boolean",
      "datastore": "SQLite",
      "compression": "None",
      "x": 1,
      "y": 3,
      "z": 1,
      "index_size_mb": 625.54296875,
      "query_count": 256,
      "taat": {
        "avg_time_ms": 0.27551289059601913,
        "median_time_ms": 0.0021000014385208488,
        "p95_time_ms": 0.02729999687289819,
        "p99_time_ms": 6.101300001319032,
        "min_time_ms": 0.0011000010999850929,
        "max_time_ms": 6.840599999122787,
        "avg_results": 0.0,
        "avg_memory_mb": 0.0019073486328125,
        "successful_queries": 256
      },
      "daat": {
        "avg_time_ms": 0.0025621091594985046,
        "median_time_ms": 0.0020000006770715117,
        "p95_time_ms": 0.005299996701069176,
        "p99_time_ms": 0.013199998647905886,
        "min_time_ms": 0.0014999968698248267,
        "max_time_ms": 0.01799999881768599,
        "avg_results": 0.0,
        "avg_memory_mb": 0.0,
        "successful_queries": 256
      },
      "daat_speedup": 107.53362696300839
    },
    {
      "identifier": "SelfIndex_i1d3c2qTo0",
      "index_type": "Boolean",
      "datastore": "SQLite",
      "compression": "VByte",
      "x": 1,
      "y": 3,
      "z": 2,
      "index_size_mb": 491.8984375,
      "query_count": 256,
      "taat": {
        "avg_time_ms": 0.2934992186283125,
        "median_time_ms": 0.0020999941625632346,
        "p95_time_ms": 0.023799999326001853,
        "p99_time_ms": 6.511400002636947,
        "min_time_ms": 0.0011000010999850929,
        "max_time_ms": 7.101499999407679,
        "avg_results": 0.0,
        "avg_memory_mb": 0.00311279296875,
        "successful_queries": 256
      },
      "daat": {
        "avg_time_ms": 0.002539062336381903,
        "median_time_ms": 0.0020000006770715117,
        "p95_time_ms": 0.006499998562503606,
        "p99_time_ms": 0.012700002116616815,
        "min_time_ms": 0.0011000010999850929,
        "max_time_ms": 0.01979999797185883,
        "avg_results": 0.0,
        "avg_memory_mb": 0.0,
        "successful_queries": 256
      },
      "daat_speedup": 115.59354586250181
    },
    {
      "identifier": "SelfIndex_i1d3c3qTo0",
      "index_type": "Boolean",
      "datastore": "SQLite",
      "compression": "Zlib",
      "x": 1,
      "y": 3,
      "z": 3,
      "index_size_mb": 218.48828125,
      "query_count": 256,
      "taat": {
        "avg_time_ms": 0.3082019529756508,
        "median_time_ms": 0.0023000029614195228,
        "p95_time_ms": 0.05319999763742089,
        "p99_time_ms": 6.924500004970469,
        "min_time_ms": 0.0010000003385357559,
        "max_time_ms": 7.123900002625305,
        "avg_results": 0.0,
        "avg_memory_mb": 0.0025177001953125,
        "successful_queries": 256
      },
      "daat": {
        "avg_time_ms": 0.0032773439215816325,
        "median_time_ms": 0.0023999964469112456,
        "p95_time_ms": 0.00839999847812578,
        "p99_time_ms": 0.014299999747890979,
        "min_time_ms": 0.0013000026228837669,
        "max_time_ms": 0.02769999991869554,
        "avg_results": 0.0,
        "avg_memory_mb": 0.0,
        "successful_queries": 256
      },
      "daat_speedup": 94.04016189637913
    },
    {
      "identifier": "SelfIndex_i2d1c1qTo0",
      "index_type": "TF",
      "datastore": "JSON",
      "compression": "None",
      "x": 2,
      "y": 1,
      "z": 1,
      "index_size_mb": 634.4881191253662,
      "query_count": 256,
      "taat": {
        "avg_time_ms": 6.196600781521511,
        "median_time_ms": 5.283500002406072,
        "p95_time_ms": 12.032799997541588,
        "p99_time_ms": 18.77000000240514,
        "min_time_ms": 0.03760000254260376,
        "max_time_ms": 46.264099997642916,
        "avg_results": 9.9609375,
        "avg_memory_mb": 0.0321807861328125,
        "successful_queries": 256
      },
      "daat": {
        "avg_time_ms": 5.600611327821525,
        "median_time_ms": 4.971899994416162,
        "p95_time_ms": 11.212500001420267,
        "p99_time_ms": 17.64079999702517,
        "min_time_ms": 0.032999996619764715,
        "max_time_ms": 22.24930000375025,
        "avg_results": 9.9609375,
        "avg_memory_mb": 4.57763671875e-05,
        "successful_queries": 256
      },
      "daat_speedup": 1.1064150712868355
    },
    {
      "identifier": "SelfIndex_i2d1c2qTo0",
      "index_type": "TF",
      "datastore": "JSON",
      "compression": "VByte",
      "x": 2,
      "y": 1,
      "z": 2,
      "index_size_mb": 618.1728572845459,
      "query_count": 256,