{
  "identifier": "SelfIndex_i3d1c3o0",
  "configuration": {
    "index_type": 3,
    "datastore": 1,
    "compression": 3,
    "query_mode": "TAAT",
    "optimization": "0"
  },
  "artifact_A_latency": {
    "average_ms": 9.727050390665681,
    "median_ms": 4.394849995151162,
    "p50_ms": 4.394849995151162,
    "p90_ms": 13.31424995441921,
    "p95_ms": 25.7143000344513,
    "p99_ms": 127.93603497557308,
    "min_ms": 0.11329998960718513,
    "max_ms": 222.93419996276498,
    "std_ms": 23.596992901028525,
    "num_zero_latency": 0
  },
  "artifact_B_throughput": {
    "queries_per_second": 102.80608816004745,
    "total_queries": 256,
    "total_time_seconds": 2.4901249000104144
  },
  "artifact_C_memory": {
    "disk_mb": 262.64621353149414,
    "ram_gb": 0.8933563232421875,
    "disk_bytes": 275404516
  },
  "evaluation_params": {
    "query_file": "queries/test_queries.txt",
    "num_queries": 256,
    "top_k": 10
  }
}