{
  "identifier": "SelfIndex_i1d1c1o0",
  "configuration": {
    "index_type": 1,
    "datastore": 1,
    "compression": 1,
    "query_mode": "TAAT",
    "optimization": "0"
  },
  "artifact_A_latency": {
    "average_ms": 2.9052593756659917,
    "median_ms": 0.018099992303177714,
    "p50_ms": 0.018099992303177714,
    "p90_ms": 10.023050010204315,
    "p95_ms": 11.13372495456133,
    "p99_ms": 12.725014984607697,
    "min_ms": 0.001100008375942707,
    "max_ms": 13.04559997515753,
    "std_ms": 4.3534399022371275,
    "num_zero_latency": 0
  },
  "artifact_B_throughput": {
    "queries_per_second": 344.2033466532617,
    "total_queries": 256,
    "total_time_seconds": 0.7437464001704939
  },
  "artifact_C_memory": {
    "disk_mb": 574.9894170761108,
    "ram_gb": 6.017539978027344,
    "disk_bytes": 602920103
  },
  "evaluation_params": {
    "query_file": "queries/test_queries.txt",
    "num_queries": 256,
    "top_k": 10
  }
}