{
  "index_name": "esindex-v1.0",
  "index_type": "elasticsearch",
  "configuration": {
    "analyzer": "custom_english",
    "preprocessing": "lowercase + stopwords + stemming"
  },
  "query_count": 256,
  "phrase_queries": 21,
  "regular_queries": 235,
  "artifact_a_latency": {
    "average_ms": 7.55166601561541,
    "median_ms": 7.192899996880442,
    "p50_ms": 7.192899996880442,
    "p90_ms": 9.305849991505966,
    "p95_ms": 10.876275016926229,
    "p99_ms": 12.378960006753903,
    "min_ms": 2.903599990531802,
    "max_ms": 99.7874999884516,
    "std_dev_ms": 6.106428229938849
  },
  "artifact_b_throughput": {
    "queries_per_second": 132.4211105115335,
    "total_queries": 256,
    "total_time_sec": 1.933226499997545
  },
  "artifact_c_memory": {
    "disk_size_mb": 418.1,
    "disk_size_readable": "418.1mb",
    "primary_size_readable": "418.1mb",
    "document_count": 100000,
    "ram_usage_gb": 0.0
  }
}