{
  "identifier": "SelfIndex_i3d1c2o0",
  "configuration": {
    "index_type": 3,
    "datastore": 1,
    "compression": 2,
    "query_mode": "TAAT",
    "optimization": "0"
  },
  "artifact_A_latency": {
    "average_ms": 36.71785273718342,
    "median_ms": 17.568550014402717,
    "p50_ms": 17.568550014402717,
    "p90_ms": 92.03625004738569,
    "p95_ms": 119.37512501026504,
    "p99_ms": 228.25235999189306,
    "min_ms": 0.15520001761615276,
    "max_ms": 377.0780999911949,
    "std_ms": 49.520313106829164,
    "num_zero_latency": 0
  },
  "artifact_B_throughput": {
    "queries_per_second": 27.234708063070375,
    "total_queries": 256,
    "total_time_seconds": 9.399770300718956
  },
  "artifact_C_memory": {
    "disk_mb": 164.18760299682617,
    "ram_gb": 0.7945327758789062,
    "disk_bytes": 172163180
  },
  "evaluation_params": {
    "query_file": "queries/test_queries.txt",
    "num_queries": 256,
    "top_k": 10
  }
}