{
  "identifier": "SelfIndex_i2d1c1o0",
  "configuration": {
    "index_type": 2,
    "datastore": 1,
    "compression": 1,
    "query_mode": "TAAT",
    "optimization": "0"
  },
  "artifact_A_latency": {
    "average_ms": 3.336058205604786,
    "median_ms": 2.5843000039458275,
    "p50_ms": 2.5843000039458275,
    "p90_ms": 7.017800002358854,
    "p95_ms": 8.671150004374795,
    "p99_ms": 10.686945004272271,
    "min_ms": 0.06649998249486089,
    "max_ms": 11.364600039087236,
    "std_ms": 2.5014942839401293,
    "num_zero_latency": 0
  },
  "artifact_B_throughput": {
    "queries_per_second": 299.7549618049042,
    "total_queries": 256,
    "total_time_seconds": 0.8540309006348252
  },
  "artifact_C_memory": {
    "disk_mb": 634.4881086349487,
    "ram_gb": 6.0364532470703125,
    "disk_bytes": 665309003
  },
  "evaluation_params": {
    "query_file": "queries/test_queries.txt",
    "num_queries": 256,
    "top_k": 10
  }
}